flat_index,proposed_by_mu,proposed_by_ca,utility,cost_acquisition,predicted_runtime_mean,predicted_runtime_sd,affordable_repetitions,projected_gain,ranking_value,selected
211,True,False,0.77459388,0.55724248,24.238001,0,10504,8136.3341,8136.3341,False
806,True,False,0.72884996,0.5562528,24.238001,0,10504,7655.84,7655.84,False
967,True,False,0.75418619,0.55703412,24.238001,0,10504,7921.9717,7921.9717,False
1128,True,False,0.92307366,0.59085345,21.023701,0,12110,11178.422,11178.422,True
1131,False,True,0.67191377,1.1160237,2.65836,0,16072,10798.998,10798.998,True
2185,True,False,0.7303092,0.55668687,24.238001,0,10504,7671.1678,7671.1678,False
2220,True,False,0.7303092,0.55668687,24.238001,0,10504,7671.1678,7671.1678,False
2975,False,True,0.57117713,1.0197336,2.8283954,0,16072,9179.9588,9179.9588,True
2997,True,False,0.82461565,0.58953098,21.078768,0,12078,9959.7079,9959.7079,True
3000,False,True,0.57405413,1.1116275,2.6675069,0,16072,9226.198,9226.198,True
3213,False,True,0.57117713,1.02078,2.8181865,0,16072,9179.9588,9179.9588,True
3308,False,True,0.5059176,1.0180667,2.0776145,0,16072,8131.1076,8131.1076,False
3375,True,False,0.74871285,0.5621805,23.67481,0,10753,8050.9092,8050.9092,False
3501,True,False,0.82118771,0.60421986,19.833931,0,12836,10540.765,10540.765,True
4134,False,True,0.52889252,1.0600346,1.7459509,0,16072,8500.3606,8500.3606,False
4523,True,False,0.7303092,0.55658269,24.238001,0,10504,7671.1678,7671.1678,False
4586,True,False,0.7581048,0.5571383,24.238001,0,10504,7963.1329,7963.1329,False
4670,True,False,0.84558624,0.59145711,20.912659,0,12174,10294.167,10294.167,True
4673,False,True,0.59489798,1.1162465,2.6399138,0,16072,9561.2003,9561.2003,True
4691,True,False,0.74885293,0.55696467,24.238001,0,10504,7865.9512,7865.9512,False
4697,False,True,0.57117713,1.0177672,2.8476567,0,16072,9179.9588,9179.9588,True
4946,False,True,0.49660267,1.0536252,1.7829182,0,16072,7981.398,7981.398,False
4957,True,False,0.7303092,0.55668687,24.238001,0,10504,7671.1678,7671.1678,False
5083,True,False,0.92081451,0.59046173,21.032293,0,12105,11146.46,11146.46,True
5086,False,True,0.66966842,1.1152219,2.6597872,0,16072,10762.911,10762.911,True
5811,True,False,0.72989975,0.55654797,24.238001,0,10504,7666.8669,7666.8669,False
5888,True,False,0.78085375,0.5572772,24.238001,0,10504,8202.0878,8202.0878,False
6143,False,True,0.49660267,1.0184762,2.0669525,0,16072,7981.398,7981.398,False
6266,True,False,0.92170062,0.60346197,19.941105,0,12767,11767.352,11767.352,True
6269,False,True,0.67054912,1.1369513,2.4785287,0,16072,10777.065,10777.065,True
6280,True,False,0.92284981,0.60361223,19.941105,0,12767,11782.024,11782.024,True
6283,False,True,0.67169129,1.1372759,2.4785287,0,16072,10795.422,10795.422,True
6287,True,False,0.92142827,0.6036642,19.918554,0,12781,11776.775,11776.775,True
6290,False,True,0.67027842,1.1372452,2.4747829,0,16072,10772.715,10772.715,True
6301,True,False,0.7480952,0.55682577,24.238001,0,10504,7857.992,7857.992,False
6616,True,False,0.92168277,0.59208092,20.896803,0,12183,11228.861,11228.861,True
6619,False,True,0.67053137,1.1179883,2.63728,0,16072,10776.78,10776.78,True
6742,True,False,0.72975844,0.57570318,22.270441,0,11432,8342.5985,8342.5985,False
6903,True,False,0.75703095,0.55710358,24.238001,0,10504,7951.8531,7951.8531,False
7252,False,True,0.57117713,1.0218535,2.8077447,0,16072,9179.9588,9179.9588,False
7876,True,False,0.75816528,0.55717303,24.238001,0,10504,7963.7681,7963.7681,False
8009,True,False,0.91753539,0.59536665,20.59408,0,12362,11342.573,11342.573,True
8012,False,True,0.6664093,1.1233935,2.5869944,0,16072,10710.53,10710.53,True
8537,False,True,0.49468792,1.0470179,1.8309112,0,16072,7950.6242,7950.6242,False
9184,False,True,0.57117713,1.0219911,2.8064086,0,16072,9179.9588,9179.9588,False
9191,False,True,0.57117713,1.0219911,2.8064086,0,16072,9179.9588,9179.9588,False
9227,True,False,0.72901244,0.55644379,24.238001,0,10504,7657.5467,7657.5467,False
9703,True,False,0.92003104,0.60878965,19.502609,0,13054,12010.085,12010.085,True
9706,False,True,0.66888973,1.1455886,2.4056911,0,16072,10750.396,10750.396,True
9717,True,False,0.81380295,0.60798443,19.530247,0,13036,10608.735,10608.735,True
9850,True,False,0.72908491,0.55647851,24.238001,0,10504,7658.3079,7658.3079,False
9878,True,False,0.74825885,0.5568605,24.238001,0,10504,7859.711,7859.711,False
9961,False,True,0.57117713,1.0168988,2.8561971,0,16072,9179.9588,9179.9588,False
9968,False,True,0.57117713,1.0168988,2.8561971,0,16072,9179.9588,9179.9588,False
10123,True,False,0.92254337,0.58593823,21.453016,0,11867,10947.822,10947.822,True
10126,False,True,0.67138672,1.1076297,2.7296724,0,16072,10790.527,10790.527,True
10606,True,False,0.92236864,0.59703035,20.477894,0,12432,11466.887,11466.887,True
10609,False,True,0.67121306,1.1263175,2.5676959,0,16072,10787.736,10787.736,True
10620,True,False,0.7303092,0.55668687,24.238001,0,10504,7671.1678,7671.1678,False
10669,True,False,0.92275363,0.59263962,20.860983,0,12204,11261.285,11261.285,True
10672,False,True,0.6715957,1.1189996,2.6313298,0,16072,10793.886,10793.886,True
11473,False,True,0.57117713,1.0357533,2.6752589,0,16072,9179.9588,9179.9588,False
11487,False,True,0.57117713,1.038241,2.6520679,0,16072,9179.9588,9179.9588,False
11831,True,False,0.91908349,0.59520725,20.614033,0,12350,11350.681,11350.681,True
11834,False,True,0.66794795,1.1231632,2.5903099,0,16072,10735.259,10735.259,True
13143,False,True,0.52204299,1.0437467,1.8683944,0,16072,8390.2749,8390.2749,False
13377,False,True,0.57117713,1.0319677,2.710849,0,16072,9179.9588,9179.9588,False
13525,True,False,0.75071244,0.5569994,24.238001,0,10504,7885.4835,7885.4835,False
14554,True,False,0.9146127,0.59976558,20.217291,0,12593,11517.718,11517.718,True
14557,False,True,0.66350444,1.130677,2.5244067,0,16072,10663.843,10663.843,True
14561,True,False,0.91112046,0.59972823,20.217291,0,12593,11473.74,11473.74,True
14564,False,True,0.66003351,1.1305962,2.5244067,0,16072,10608.059,10608.059,True
14995,True,False,0.75985218,0.55720775,24.238001,0,10504,7981.4873,7981.4873,False
15037,True,False,0.9234661,0.5933907,20.805389,0,12237,11300.455,11300.455,True
15040,False,True,0.67230381,1.1203162,2.6220951,0,16072,10805.267,10805.267,True
15044,True,False,0.92399763,0.59342762,20.805389,0,12237,11306.959,11306.959,True
15047,False,True,0.67283211,1.1203961,2.6220951,0,16072,10813.758,10813.758,True
15163,True,False,0.74848782,0.55689522,24.238001,0,10504,7862.1161,7862.1161,False
15457,True,False,0.91575706,0.59385771,20.720341,0,12287,11251.907,11251.907,True
15460,False,True,0.66464182,1.1208488,2.6079683,0,16072,10682.123,10682.123,True
15463,False,True,0.57117713,1.020786,2.8181281,0,16072,9179.9588,9179.9588,False
15470,False,True,0.57117713,1.0202449,2.8234034,0,16072,9179.9588,9179.9588,False
15477,False,True,0.57117713,1.0202449,2.8234034,0,16072,9179.9588,9179.9588,False
15484,False,True,0.57117713,1.0202449,2.8234034,0,16072,9179.9588,9179.9588,False
15491,False,True,0.57117713,1.0202449,2.8234034,0,16072,9179.9588,9179.9588,False
15498,False,True,0.57117713,1.0202449,2.8234034,0,16072,9179.9588,9179.9588,False
15505,False,True,0.57117713,1.0205222,2.8206997,0,16072,9179.9588,9179.9588,False
15512,False,True,0.57117713,1.020786,2.8181281,0,16072,9179.9588,9179.9588,False
15519,False,True,0.57117713,1.0194003,2.8316519,0,16072,9179.9588,9179.9588,False
15561,False,True,0.57273727,1.0196816,3.5676968,0,16072,9205.0334,9205.0334,True
15737,True,False,0.75636399,0.55706885,24.238001,0,10504,7944.8474,7944.8474,False
16073,True,False,0.73187227,0.55679105,24.238001,0,10504,7687.5863,7687.5863,False
16965,False,True,0.52951258,1.0373855,1.9241349,0,16072,8510.3262,8510.3262,False
17018,True,False,0.89968462,0.58391725,21.594139,0,11790,10607.282,10607.282,True
17021,False,True,0.6486674,1.1038023,2.7531152,0,16072,10425.382,10425.382,True
17452,True,False,0.7303092,0.55668687,24.238001,0,10504,7671.1678,7671.1678,False
17760,True,False,0.88650821,0.59922046,20.253328,0,12570,11143.408,11143.408,True
17763,False,True,0.63557127,1.1293136,2.5303924,0,16072,10214.901,10214.901,True
17774,True,False,0.91780431,0.58885079,21.165134,0,12029,11040.268,11040.268,True
17777,False,True,0.66667658,1.1124444,2.6818528,0,16072,10714.826,10714.826,True
