query_order,round,flat_index,row_index,row_label,algorithm_index,algorithm,utility,acquisition,predicted_runtime_mean,predicted_runtime_sd,score,runtime
13357,297,6975,996,3wur_O4B_A_202,3,diffdock_l,0.29389655,0.29389655,,,3.6237837e-27,36.08602
13358,297,17090,2441,6sjs_THH_B_901,3,diffdock_l,0.2934677,0.2934677,,,0.13267284,10.825981
13359,297,12379,1768,5i0m_UMP_A_201,3,diffdock_l,0.29341852,0.29341852,,,0,26.542454
13360,297,8025,1146,4dch_4DC_A_502,3,diffdock_l,0.29246344,0.29246344,,,0,25.973323
13361,297,17482,2497,6w0x_S6J_A_301,3,diffdock_l,0.29242384,0.29242384,,,0.075703422,29.944621
13362,297,8893,1270,4ixw_IXW_A_302,3,diffdock_l,0.29214068,0.29214068,,,0.99164383,18.303152
13363,297,11434,1633,5di7_5CQ_A_601,3,diffdock_l,0.29106428,0.29106428,,,0,21.88141
13364,297,8578,1225,4hzf_CMP_A_302,3,diffdock_l,0.29040069,0.29040069,,,1.3033943e-36,26.847771
13365,297,12645,1806,5j5i_6GM_A_302,3,diffdock_l,0.2901996,0.2901996,,,9.6371087e-82,40.970846
13366,297,3055,436,1v03_BGC_A_1498,3,diffdock_l,0.29019788,0.29019788,,,0,36.03066
13367,297,15081,2154,6dl7_ONC_E_301,3,diffdock_l,0.29006814,0.29006814,,,5.9752034e-08,51.315332
13368,297,16593,2370,6paf_O6A_A_509,3,diffdock_l,0.29003593,0.29003593,,,0.95513674,35.489047
13369,297,17083,2440,6sj8_44V_B_901,3,diffdock_l,0.28997873,0.28997873,,,1.0731621e-29,23.489776
13370,297,12365,1766,5hss_650_C_401,3,diffdock_l,0.28993712,0.28993712,,,9.4893569e-06,34.613287
13371,297,13268,1895,5nov_93B_A_201,3,diffdock_l,0.28991868,0.28991868,,,0.047941477,9.2441127
13372,297,1067,152,1h8p_PC_B_1110,3,diffdock_l,0.28986276,0.28986276,,,1.4331389e-09,9.8133554
13373,297,14899,2128,6bkk_308_B_101,3,diffdock_l,0.28965077,0.28965077,,,0.09455708,45.034685
13374,297,1319,188,1j3i_WRA_B_709,3,diffdock_l,0.28964633,0.28964633,,,0,34.398597
13375,297,9348,1335,4mig_G3F_D_802,3,diffdock_l,0.28940523,0.28940523,,,0.97469494,29.094185
13376,297,5092,727,2qab_EI1_B_1,3,diffdock_l,0.28917214,0.28917214,,,0,26.627002
13377,297,15207,2172,6f3s_CKW_A_902,3,diffdock_l,0.28913656,0.28913656,,,0.99154357,48.246621
13378,297,11343,1620,5cpp_ADO_A_422,3,diffdock_l,0.28871202,0.28871202,,,2.4647134e-25,16.128247
13379,297,5477,782,2v32_BEZ_D_1221,3,diffdock_l,0.28870809,0.28870809,,,1.8127587e-46,23.658063
13380,297,2362,337,1pr6_XYA_A_1245,3,diffdock_l,0.28862148,0.28862148,,,0.98156636,24.803348
13381,297,5729,818,2x05_X05_A_1900,3,diffdock_l,0.28862145,0.28862145,,,0,37.138717
13382,297,969,138,1h5r_THM_A_1293,3,diffdock_l,0.2885927,0.2885927,,,2.2541879e-31,24.972913
13383,297,16040,2291,6l8a_BAL_D_507,3,diffdock_l,0.28851124,0.28851124,,,5.2122788e-84,31.191344
13384,297,12316,1759,5hgz_MLA_A_302,3,diffdock_l,0.2884589,0.2884589,,,0.018603516,9.6706588
13385,297,1046,149,1h82_GZZ_B_590,3,diffdock_l,0.28837846,0.28837846,,,1.3069966e-102,40.769589
13386,297,8207,1172,4e7v_CRS_Q_101,3,diffdock_l,0.28827831,0.28827831,,,0.23367419,20.363731
13387,297,14577,2082,5z54_0HZ_C_303,3,diffdock_l,0.28818993,0.28818993,,,0.98404042,11.957453
13388,297,4042,577,2coj_GBN_A_420,3,diffdock_l,0.28817275,0.28817275,,,1.528527e-39,28.618342
13389,297,8396,1199,4g1x_TQU_A_410,3,diffdock_l,0.28815131,0.28815131,,,1.1625452e-39,14.699598
13390,297,4931,704,2o7d_DHC_E_701,3,diffdock_l,0.28806691,0.28806691,,,0,28.001163
13391,297,9439,1348,4n5p_2H0_E_412,3,diffdock_l,0.28796799,0.28796799,,,0,24.267825
13392,297,9761,1394,4q3a_2YC_A_904,3,diffdock_l,0.28794902,0.28794902,,,4.3589918e-26,30.419219
13393,297,4385,626,2fu9_MP2_B_2410,3,diffdock_l,0.28793368,0.28793368,,,6.6692443e-37,43.823627
13394,297,8781,1254,4i9n_1E5_C_402,3,diffdock_l,0.28792262,0.28792262,,,1.7435694e-95,50.005776
13395,297,12575,1796,5ip6_6C9_A_301,3,diffdock_l,0.2878681,0.2878681,,,0.99664548,12.821533
13396,297,15830,2261,6jyg_FLC_B_401,3,diffdock_l,0.28779297,0.28779297,,,0,33.033134
13397,297,11455,1636,5die_5CJ_A_601,3,diffdock_l,0.28768788,0.28768788,,,0,30.678044
13398,297,6730,961,3vq5_MMJ_B_307,3,diffdock_l,0.28728058,0.28728058,,,1.0751793e-18,16.616369
13399,297,6716,959,3vq4_0NX_B_303,3,diffdock_l,0.28709795,0.28709795,,,6.0157245e-16,16.657483
13400,297,17804,2543,8icd_ICT_A_418,3,diffdock_l,0.28667601,0.28667601,,,0.95526756,19.789836
13401,297,10223,1460,4v2z_Y70_C_151,3,diffdock_l,0.28658852,0.28658852,,,0.087032577,16.962368
13402,297,14276,2039,5xh2_NPO_A_305,3,diffdock_l,0.28642351,0.28642351,,,0.98894457,11.081136
13403,297,17594,2513,6xzx_O5H_A_302,3,diffdock_l,0.28635976,0.28635976,,,7.3964802e-64,22.927685
13404,297,11833,1690,5fe4_5WY_A_903,3,diffdock_l,0.28587839,0.28587839,,,3.4773273e-41,11.401197
13405,297,444,63,1e8g_FCR_B_601,3,diffdock_l,0.28581735,0.28581735,,,3.4428876e-52,31.033032
13406,297,10489,1498,4xz9_G3P_B_302,3,diffdock_l,0.28563475,0.28563475,,,0,21.684512
13407,298,12574,1796,5ip6_6C9_A_301,2,diffdock,0.6650305,0.6650305,,,0.91876976,15.78375
13408,298,8892,1270,4ixw_IXW_A_302,2,diffdock,0.66222622,0.66222622,,,0,21.512991
13409,298,15206,2172,6f3s_CKW_A_902,2,diffdock,0.65963722,0.65963722,,,0.98203879,47.34156
13410,298,2361,337,1pr6_XYA_A_1245,2,diffdock,0.65367892,0.65367892,,,2.464731e-55,24.314647
13411,298,14275,2039,5xh2_NPO_A_305,2,diffdock,0.64037779,0.64037779,,,0.9911646,13.558326
13412,298,14576,2082,5z54_0HZ_C_303,2,diffdock,0.63979195,0.63979195,,,1.035329e-53,29.551343
13413,298,9347,1335,4mig_G3F_D_802,2,diffdock,0.63607652,0.63607652,,,0,50.888802
13414,298,16592,2370,6paf_O6A_A_509,2,diffdock,0.62342114,0.62342114,,,0.94814849,34.926248
13415,298,6884,983,3wlf_FEH_B_401,3,diffdock_l,0.29172703,0.29172703,,,0.00019502145,30.835265
13416,298,12596,1799,5iuy_BOG_B_503,3,diffdock_l,0.29037009,0.29037009,,,0,18.780877
13417,298,5533,790,2vlf_PLI_A_1457,3,diffdock_l,0.29036298,0.29036298,,,0,46.296963
13418,298,6212,887,3qhd_795_A_167,3,diffdock_l,0.28953775,0.28953775,,,2.9748518e-13,48.151848
13419,298,10839,1548,4zvv_GN0_B_404,3,diffdock_l,0.2887482,0.2887482,,,4.671367e-41,47.856294
13420,298,14367,2052,5y1g_AKB_A_401,3,diffdock_l,0.28804872,0.28804872,,,0.74918719,49.380937
13421,298,11924,1703,5fli_QUE_G_301,3,diffdock_l,0.28692469,0.28692469,,,0,39.959023
13422,298,416,59,1e48_13P_P_302,3,diffdock_l,0.2868298,0.2868298,,,0.0027905706,11.511754
13423,298,1158,165,1iki_REY_A_400,3,diffdock_l,0.28644475,0.28644475,,,1.2379981e-07,26.232101
13424,298,7521,1074,4bux_F35_C_2165,3,diffdock_l,0.28580684,0.28580684,,,5.1245637e-46,27.671953
13425,298,7514,1073,4bux_F35_A_2166,3,diffdock_l,0.28557081,0.28557081,,,0.83018678,37.216383
13426,298,997,142,1h5r_THM_D_1292,3,diffdock_l,0.28501199,0.28501199,,,0.97345318,36.166329
13427,298,6982,997,3wur_O4B_B_201,3,diffdock_l,0.28438737,0.28438737,,,4.2204472e-30,16.115985
13428,298,1256,179,1ixo_G3P_B_1002,3,diffdock_l,0.28279937,0.28279937,,,0,27.413492
13429,298,2054,293,1nmz_NYM_A_301,3,diffdock_l,0.28245131,0.28245131,,,0.97145806,17.451353
13430,298,8858,1265,4iph_1FJ_A_201,3,diffdock_l,0.28244462,0.28244462,,,0.35059539,10.916281
13431,298,6974,996,3wur_O4B_A_202,2,diffdock,0.28168736,0.28168736,,,1.1044085e-30,17.090341
13432,298,2453,350,1q3a_NGH_C_481,3,diffdock_l,0.28123492,0.28123492,,,2.1209315e-21,28.312631
13433,298,12378,1768,5i0m_UMP_A_201,2,diffdock,0.28121935,0.28121935,,,0.97116759,27.701344
13434,298,14612,2087,5z9p_AX7_A_301,3,diffdock_l,0.28095174,0.28095174,,,0.99808314,20.660301
13435,298,8024,1146,4dch_4DC_A_502,2,diffdock,0.28071568,0.28071568,,,0,27.349567
13436,298,3243,463,1wmz_NGA_D_504,2,diffdock,0.28057519,0.28057519,,,3.5996711e-94,17.454615
13437,298,13981,1997,5vl0_BNF_B_404,2,diffdock,0.28054296,0.28054296,,,0,36.437296
13438,298,4888,698,2o1o_RIS_B_400,2,diffdock,0.28042595,0.28042595,,,0,33.105883
13439,298,555,79,1fqo_F6R_B_2268,2,diffdock,0.28033075,0.28033075,,,0,21.799288
13440,298,3054,436,1v03_BGC_A_1498,2,diffdock,0.28030694,0.28030694,,,0,36.87998
13441,298,9193,1313,4l80_OXL_F_402,2,diffdock,0.28019119,0.28019119,,,0,36.374101
13442,298,4412,630,2fzb_TOL_A_600,2,diffdock,0.28003873,0.28003873,,,0,22.243154
13443,298,11111,1587,5b4o_6DQ_B_201,2,diffdock,0.28001871,0.28001871,,,0,20.661799
13444,298,10145,1449,4uoc_NCN_A_400,2,diffdock,0.27971627,0.27971627,,,0,48.188442
13445,298,14220,2031,5x5d_UMP_C_401,3,diffdock_l,0.27968172,0.27968172,,,1.0446158e-39,27.732502
13446,298,6590,941,3vbn_TYD_A_301,3,diffdock_l,0.27933907,0.27933907,,,0.9843795,36.313972
13447,298,8235,1176,4e9z_651_A_301,3,diffdock_l,0.27929273,0.27929273,,,0.022774294,22.703658
13448,298,11447,1635,5did_5CK_A_601,2,diffdock,0.27922266,0.27922266,,,0,28.931091
13449,298,15704,2243,6i6r_H62_A_704,3,diffdock_l,0.27921529,0.27921529,,,0,28.220079
13450,298,8766,1252,4i9n_1E5_A_402,2,diffdock,0.27903391,0.27903391,,,0,54.875634
13451,298,10201,1457,4uzi_IMD_B_1456,2,diffdock,0.27886489,0.27886489,,,2.4491534e-60,19.938261
13452,298,9949,1421,4rkz_3S4_A_402,2,diffdock,0.27881906,0.27881906,,,0.19134863,24.182998
13453,298,8577,1225,4hzf_CMP_A_302,2,diffdock,0.2785969,0.2785969,,,0,29.089185
13454,298,11363,1623,5cyf_FLC_C_301,2,diffdock,0.27852089,0.27852089,,,5.344279e-61,33.948476
13455,298,12938,1848,5kjw_53C_A_800,2,diffdock,0.27836009,0.27836009,,,8.8695099e-56,26.251691
13456,298,12644,1806,5j5i_6GM_A_302,2,diffdock,0.27829944,0.27829944,,,0,70.145875
13457,299,14611,2087,5z9p_AX7_A_301,2,diffdock,0.66206555,0.66206555,,,0.99840107,16.233537
13458,299,6589,941,3vbn_TYD_A_301,2,diffdock,0.65202182,0.65202182,,,6.2536356e-44,37.382244
13459,299,996,142,1h5r_THM_D_1292,2,diffdock,0.64500617,0.64500617,,,2.8017117e-60,39.896881
13460,299,2053,293,1nmz_NYM_A_301,2,diffdock,0.64327204,0.64327204,,,0.96821955,20.446514
13461,299,7513,1073,4bux_F35_A_2166,2,diffdock,0.56690701,0.56690701,,,0.99025789,34.586309
13462,299,14366,2052,5y1g_AKB_A_401,2,diffdock,0.52272784,0.52272784,,,0,17.562324
13463,299,8857,1265,4iph_1FJ_A_201,2,diffdock,0.29330767,0.29330767,,,0.77466502,14.225416
13464,299,6883,983,3wlf_FEH_B_401,2,diffdock,0.28374703,0.28374703,,,7.9214659e-66,33.141674
13465,299,15172,2167,6e8i_PTR_A_201,3,diffdock_l,0.28253169,0.28253169,,,0,12.524154
13466,299,11433,1633,5di7_5CQ_A_601,2,diffdock,0.28230969,0.28230969,,,0,27.56531
13467,299,5134,733,2qca_DGP_A_300,3,diffdock_l,0.28186853,0.28186853,,,6.8962788e-10,13.158018
13468,299,17251,2464,6tbx_N0Z_C_303,3,diffdock_l,0.28140383,0.28140383,,,0,28.001163
13469,299,717,102,1giu_ADE_A_300,3,diffdock_l,0.28122729,0.28122729,,,0,13.81623
13470,299,12595,1799,5iuy_BOG_B_503,2,diffdock,0.28117367,0.28117367,,,0,32.311459
13471,299,17082,2440,6sj8_44V_B_901,2,diffdock,0.28093178,0.28093178,,,0.039928311,25.805176
13472,299,5532,790,2vlf_PLI_A_1457,2,diffdock,0.28088211,0.28088211,,,0,48.047929
13473,299,6211,887,3qhd_795_A_167,2,diffdock,0.28079031,0.28079031,,,1.8042254e-54,24.241456
13474,299,11756,1679,5ezp_IPJ_F_201,3,diffdock_l,0.28051867,0.28051867,,,0.79526843,33.546203
13475,299,10838,1548,4zvv_GN0_B_404,2,diffdock,0.28015628,0.28015628,,,0,56.562831
13476,299,968,138,1h5r_THM_A_1293,2,diffdock,0.27996651,0.27996651,,,3.7873503e-45,37.042826
13477,299,5946,849,2z1z_MLT_A_433,3,diffdock_l,0.27975516,0.27975516,,,5.447472e-41,27.824235
13478,299,5728,818,2x05_X05_A_1900,2,diffdock,0.27973748,0.27973748,,,0,42.328343
13479,299,5071,724,2q6m_P34_A_1001,3,diffdock_l,0.27943176,0.27943176,,,0.27869325,17.857612
13480,299,2369,338,1pr6_XYA_B_1246,3,diffdock_l,0.27925698,0.27925698,,,0.95494664,25.100774
13481,299,2320,331,1pke_2FD_C_448,3,diffdock_l,0.27893926,0.27893926,,,0.97388914,20.302523
13482,299,11049,1578,5agl_CCW_A_800,3,diffdock_l,0.27891522,0.27891522,,,8.0695412e-45,31.808226
13483,299,6275,896,3qwi_CUE_A_272,3,diffdock_l,0.27890834,0.27890834,,,5.1861572e-06,36.707786
13484,299,14591,2084,5z9b_AX7_A_304,3,diffdock_l,0.27887453,0.27887453,,,0.9969734,16.376105
13485,299,12946,1849,5kjw_53C_B_800,3,diffdock_l,0.27885064,0.27885064,,,5.593029e-84,24.074508
13486,299,10363,1480,4x36_CHT_A_408,3,diffdock_l,0.27882741,0.27882741,,,1.0327522e-19,7.373971
13487,299,1424,203,1jyw_147_A_2001,3,diffdock_l,0.27881741,0.27881741,,,0,28.001163
13488,299,1382,197,1jhv_PCR_A_990,3,diffdock_l,0.27878961,0.27878961,,,3.4426449e-19,12.78791
13489,299,6282,897,3qwi_CUE_B_272,3,diffdock_l,0.27876874,0.27876874,,,1.7200576e-07,41.402297
13490,299,1669,238,1l5o_2MP_A_990,3,diffdock_l,0.27875912,0.27875912,,,1.0583874e-18,13.486533
13491,299,5883,840,2y2f_YI1_A_1469,3,diffdock_l,0.27875771,0.27875771,,,0,21.10019
13492,299,10272,1467,4wdd_CIT_A_401,3,diffdock_l,0.2786987,0.2786987,,,0.018211112,13.853361
13493,299,14059,2008,5vyr_GMP_B_303,3,diffdock_l,0.27869053,0.27869053,,,4.7331253e-25,17.075651
13494,299,6163,880,2zyv_NPO_X_1602,3,diffdock_l,0.27867232,0.27867232,,,7.5462674e-06,15.42542
13495,299,10419,1488,4xp0_42A_A_404,3,diffdock_l,0.27865435,0.27865435,,,0.98822784,14.532303
13496,299,4945,706,2o7d_DHC_H_701,3,diffdock_l,0.27860726,0.27860726,,,0,28.001163
13497,299,4930,704,2o7d_DHC_E_701,2,diffdock,0.27860109,0.27860109,,,0,30.149476
13498,299,14549,2078,5ysh_5AD_G_605,3,diffdock_l,0.27852338,0.27852338,,,0,28.001163
13499,299,16831,2404,6qor_JBK_B_301,3,diffdock_l,0.27852049,0.27852049,,,0.0088978416,19.345757
13500,299,11910,1701,5fli_QUE_E_301,3,diffdock_l,0.27850749,0.27850749,,,0,47.564
13501,299,2474,353,1q6r_LX1_A_7301,3,diffdock_l,0.27849107,0.27849107,,,1.6010131e-35,21.970914
13502,299,15970,2281,6kxh_DY9_D_402,3,diffdock_l,0.27849056,0.27849056,,,3.589286e-58,15.739605
13503,299,11035,1576,5afy_WCE_H_1248,3,diffdock_l,0.27848144,0.27848144,,,0,28.001163
13504,299,1613,230,1kwc_BPY_B_401,3,diffdock_l,0.27847938,0.27847938,,,0.98677469,15.426459
13505,299,1130,161,1hsr_BHO_A_800,3,diffdock_l,0.27847147,0.27847147,,,3.2674069e-30,34.253517
13506,299,3279,468,1x7j_GEN_A_201,3,diffdock_l,0.27845997,0.27845997,,,1.2293055e-38,32.781888
13507,300,14590,2084,5z9b_AX7_A_304,2,diffdock,0.6569232,0.6569232,,,0.99590561,18.190662
13508,300,2319,331,1pke_2FD_C_448,2,diffdock,0.64367306,0.64367306,,,0,25.832701
13509,300,10418,1488,4xp0_42A_A_404,2,diffdock,0.63530845,0.63530845,,,0,17.383822
13510,300,1612,230,1kwc_BPY_B_401,2,diffdock,0.63437396,0.63437396,,,0.98743986,17.583537
13511,300,2368,338,1pr6_XYA_B_1246,2,diffdock,0.63292771,0.63292771,,,0.98034501,26.070472
13512,300,11755,1679,5ezp_IPJ_F_201,2,diffdock,0.5412215,0.5412215,,,0.16450405,32.628825
13513,300,14374,2053,5y7a_KYN_A_502,3,diffdock_l,0.28423492,0.28423492,,,0,18.26503
13514,300,9355,1336,4mju_27S_A_501,3,diffdock_l,0.28345157,0.28345157,,,0,29.42288
13515,300,11923,1703,5fli_QUE_G_301,2,diffdock,0.28219294,0.28219294,,,0,58.313246
13516,300,7444,1063,4bbx_LKF_B_1760,3,diffdock_l,0.28199022,0.28199022,,,0.78800484,36.102511
13517,300,7520,1074,4bux_F35_C_2165,2,diffdock,0.28147048,0.28147048,,,4.8758981e-46,30.393201
13518,300,415,59,1e48_13P_P_302,2,diffdock,0.28130522,0.28130522,,,0,11.14738
13519,300,1157,165,1iki_REY_A_400,2,diffdock,0.28122187,0.28122187,,,0,29.413019
13520,300,14430,2061,5yb7_ORN_C_602,3,diffdock_l,0.2807747,0.2807747,,,3.1924501e-66,7.6729634
13521,300,15676,2239,6i4b_E2N_A_603,3,diffdock_l,0.28071182,0.28071182,,,0,31.990011
13522,300,402,57,1e2j_THM_B_500,3,diffdock_l,0.28053345,0.28053345,,,0,32.376905
13523,300,787,112,1h18_DTL_A_9009,3,diffdock_l,0.28047285,0.28047285,,,8.3748235e-34,30.984742
13524,300,17481,2497,6w0x_S6J_A_301,2,diffdock,0.28024443,0.28024443,,,1.9808462e-60,29.77401
13525,300,66,9,1aiq_CB3_A_266,3,diffdock_l,0.28012789,0.28012789,,,0,28.001163
13526,300,6674,953,3vnj_PSJ_D_301,3,diffdock_l,0.27995211,0.27995211,,,0,30.126606
13527,300,6981,997,3wur_O4B_B_201,2,diffdock,0.27980434,0.27980434,,,0.71829145,18.434638
13528,300,6996,999,3wur_O4B_B_204,3,diffdock_l,0.27957873,0.27957873,,,0,19.676609
13529,300,16019,2288,6l86_LMR_D_302,3,diffdock_l,0.27949377,0.27949377,,,5.8500874e-56,28.230199
13530,300,17265,2466,6tgi_N8Z_A_508,3,diffdock_l,0.27932413,0.27932413,,,0.47654497,18.230851
13531,300,14290,2041,5xin_XLS_C_397,3,diffdock_l,0.27929931,0.27929931,,,6.5997139e-37,35.076144
13532,300,6415,916,3se2_LDR_B_2,3,diffdock_l,0.27906222,0.27906222,,,2.5609086e-44,27.874895
13533,300,2481,354,1q6r_LX1_B_9301,3,diffdock_l,0.2790284,0.2790284,,,0.8577855,20.375651
13534,300,794,113,1h18_DTL_A_9010,3,diffdock_l,0.27896558,0.27896558,,,0,32.410963
13535,300,829,118,1h1i_QUE_B_1356,3,diffdock_l,0.27890793,0.27890793,,,7.108949e-55,22.292191
