query_order,round,flat_index,row_index,row_label,algorithm_index,algorithm,proposed_by_mu,proposed_by_ca,utility,cost_acquisition,predicted_runtime_mean,predicted_runtime_sd,affordable_repetitions,projected_gain,score,runtime
480,7,13986,1998,5w8q_BU4_B_400,0,surfdock,True,True,0.78733879,1.3882333,2.3819327,0,17322,13638.283,0.025831113,2.2968119
481,7,9646,1378,4pik_MAN_C_503,0,surfdock,True,True,0.77639988,1.4102436,2.2167611,0,17322,13448.799,0.76768728,2.5434219
482,7,15981,2283,6l8a_BAL_C_504,0,surfdock,True,True,0.77574328,1.2342607,3.7416437,0,17322,13437.425,0.97370188,1.965551
483,7,15988,2284,6l8a_BAL_D_507,0,surfdock,False,True,0.77194483,1.2455613,3.6232817,0,17322,13371.628,0.99811306,2.0140837
484,7,13888,1984,5vv5_9OJ_A_803,0,surfdock,False,True,0.77173561,1.1684312,4.4791112,0,17322,13368.004,0.06298845,3.3779899
485,7,539,77,1fwn_PEP_A_1268,0,surfdock,False,True,0.77077867,1.3046024,3.0602503,0,17322,13351.428,0,2.3554295
486,7,13979,1997,5w8q_BU4_A_400,0,surfdock,False,True,0.77058723,1.3895069,2.365109,0,17322,13348.112,0.99492649,2.2160697
487,7,12264,1752,5hss_64Z_D_403,0,surfdock,False,True,0.77007248,1.27332,3.3473594,0,17322,13339.196,0,2.8268749
488,7,3304,472,1zng_HE4_A_202,0,surfdock,False,True,0.76748501,1.310836,3.0030215,0,17322,13294.375,0.98427394,2.73754
489,7,7098,1014,4a8p_PAO_C_1340,0,surfdock,False,True,0.76345313,1.1749914,4.3959422,0,17322,13224.535,0,3.2840949
490,7,5866,838,2z7s_P01_A_1,0,surfdock,False,True,0.75801871,1.2650445,3.4227304,0,17322,13130.4,0.73019444,4.2077217
491,7,8561,1223,4i4v_NGA_B_201,0,surfdock,False,True,0.75688496,1.2930652,3.1582472,0,17322,13110.761,0,2.7348689
492,7,442,63,1f5f_DHT_A_253,1,unimol,False,True,0.73975669,1.1887375,3.3093052,0,17322,12814.065,0.99476085,18.92
493,7,6622,946,3vv5_SLZ_B_301,0,surfdock,False,True,0.70568962,1.1585687,2.7493386,0,17322,12223.956,0,2.6195891
494,7,112,16,1anc_BEN_A_290,0,surfdock,False,True,0.60110602,1.1465686,2.0170321,0,17322,10412.358,0,2.4341044
495,7,119,17,1anc_BEN_A_384,0,surfdock,False,True,0.60110602,1.1465686,2.0170321,0,17322,10412.358,0.010602554,1.9715919
496,7,168,24,1bqp_MAN_B_401,0,surfdock,False,True,0.60110602,1.1465686,2.0170321,0,17322,10412.358,0.97770897,2.4420043
497,7,175,25,1bqp_MAN_C_402,0,surfdock,False,True,0.60110602,1.1465686,2.0170321,0,17322,10412.358,0,2.2992994
498,7,420,60,1euu_GAL_A_2,0,surfdock,False,True,0.60110602,1.1465686,2.0170321,0,17322,10412.358,0.052775123,2.2240067
499,7,441,63,1f5f_DHT_A_253,0,surfdock,False,True,0.60110602,1.1465686,2.0170321,0,17322,10412.358,0.98975694,3.4907207
500,7,882,126,1h5r_G1P_A_1294,0,surfdock,False,True,0.60110602,1.1465686,2.0170321,0,17322,10412.358,0.84403737,3.161929
501,7,889,127,1h5r_G1P_C_1294,0,surfdock,False,True,0.60110602,1.1465686,2.0170321,0,17322,10412.358,0,3.1865425
502,7,896,128,1h5r_G1P_D_1294,0,surfdock,False,True,0.60110602,1.1465686,2.0170321,0,17322,10412.358,0,3.1967115
503,7,903,129,1h5r_THM_A_1292,0,surfdock,False,True,0.60110602,1.1465686,2.0170321,0,17322,10412.358,0.99569826,3.134831
504,7,910,130,1h5r_THM_B_1292,0,surfdock,False,True,0.60110602,1.1465686,2.0170321,0,17322,10412.358,0.95763577,2.9801892
505,7,917,131,1h5r_THM_B_1293,0,surfdock,False,True,0.60110602,1.1465686,2.0170321,0,17322,10412.358,0.98383148,3.1136914
506,7,1043,149,1ia1_TQ3_B_196,0,surfdock,False,True,0.60110602,1.1465686,2.0170321,0,17322,10412.358,0,3.4235351
507,7,1078,154,1iri_E4P_B_602,0,surfdock,False,True,0.60110602,1.1465686,2.0170321,0,17322,10412.358,0.98966565,2.8570735
508,7,1085,155,1iri_E4P_C_603,0,surfdock,False,True,0.60110602,1.1465686,2.0170321,0,17322,10412.358,0.99298605,2.9215186
509,7,1169,167,1j0y_BGC_A_1601,0,surfdock,False,True,0.60110602,1.1465686,2.0170321,0,17322,10412.358,0.99715808,2.6647271
510,7,1176,168,1j0y_BGC_B_2601,0,surfdock,False,True,0.60110602,1.1465686,2.0170321,0,17322,10412.358,0.9543416,2.6449362
511,7,1183,169,1j0y_BGC_C_3601,0,surfdock,False,True,0.60110602,1.1465686,2.0170321,0,17322,10412.358,0.99731894,2.7467204
512,7,1190,170,1j0y_BGC_D_4601,0,surfdock,False,True,0.60110602,1.1465686,2.0170321,0,17322,10412.358,0.99550916,4.6779681
513,7,1358,194,1kar_HSM_A_502,0,surfdock,False,True,0.60110602,1.1465686,2.0170321,0,17322,10412.358,0.0014684532,4.3518207
514,7,1365,195,1kar_HSM_B_503,0,surfdock,False,True,0.60110602,1.1465686,2.0170321,0,17322,10412.358,0.0036272461,2.2950561
515,7,1400,200,1kep_TDX_A_3500,0,surfdock,False,True,0.60110602,1.1465686,2.0170321,0,17322,10412.358,0.14504393,2.2374464
516,7,1589,227,1lti_GAL_D_104,0,surfdock,False,True,0.60110602,1.1465686,2.0170321,0,17322,10412.358,0.99229857,2.4170301
517,7,1596,228,1lti_GAL_E_104,0,surfdock,False,True,0.60110602,1.1465686,2.0170321,0,17322,10412.358,0.99412383,2.5128518
518,7,1603,229,1lti_GAL_H_104,0,surfdock,False,True,0.60110602,1.1465686,2.0170321,0,17322,10412.358,0.98568147,2.4903479
519,7,1687,241,1ml4_PAL_A_385,0,surfdock,False,True,0.60110602,1.1465686,2.0170321,0,17322,10412.358,0.98836746,3.2942324
520,7,2002,286,1ov5_2LP_A_403,0,surfdock,False,True,0.60110602,1.1465686,2.0170321,0,17322,10412.358,0.99352793,2.8286597
521,7,2373,339,1s5s_PG3_A_1,0,surfdock,False,True,0.60110602,1.1465686,2.0170321,0,17322,10412.358,0.97213715,2.5485703
522,7,2380,340,1s6h_4BZ_A_1,0,surfdock,False,True,0.60110602,1.1465686,2.0170321,0,17322,10412.358,0.99692146,2.4632676
523,7,2450,350,1sz6_NAG_A_5003,0,surfdock,False,True,0.60110602,1.1465686,2.0170321,0,17322,10412.358,0,2.2485242
524,7,2457,351,1sz6_NAG_B_5002,0,surfdock,False,True,0.60110602,1.1465686,2.0170321,0,17322,10412.358,0,2.5897028
525,7,2464,352,1sz6_NAG_B_5004,0,surfdock,False,True,0.60110602,1.1465686,2.0170321,0,17322,10412.358,6.220312e-05,2.4406199
526,7,2492,356,1tc2_7HP_A_800,0,surfdock,False,True,0.60110602,1.1465686,2.0170321,0,17322,10412.358,0.99734029,2.2512248
527,7,2513,359,1thc_FL9_A_131,0,surfdock,False,True,0.60110602,1.1465686,2.0170321,0,17322,10412.358,0.0034077821,1.9204727
528,7,2527,361,1thc_FL9_B_131,0,surfdock,False,True,0.60110602,1.1465686,2.0170321,0,17322,10412.358,0.030091695,1.9957812
529,7,2793,399,1v5y_4HC_A_1455,0,surfdock,False,True,0.60110602,1.1465686,2.0170321,0,17322,10412.358,0.99504592,2.2505401
